homeid,feat_yrbuilt,feat_nrooms,feat_nbed,feat_nbath,feat_sqft,feat_proptype,feat_basement,feat_stories,feat_solar,feat_nsales,target_homevalue
05936,2024,16,2,7.0,3456,Condominium,no,single,no,2,151512
07314,1899,13,2,1.0,500,Condominium,no,single,no,1,356344
05448,2024,7,2,9.0,7414,SingleFam,no,single,no,2,78112
08560,2007,11,2,5.5,6619,SingleFam,no,single,no,3,872768
05783,2024,15,3,4.5,3226,MultiFam,no,multiple,no,1,946086
01851,1645,9,2,1.0,7860,SingleFam,no,single,no,0,412774
04607,2024,11,2,3.0,1518,SingleFam,no,multiple,no,2,244786
07066,1941,18,6,3.0,4630,MultiFam,yes,multiple,no,0,1325458
09129,1928,21,2,7.5,3587,SingleFam,no,multiple,no,1,358560
02204,1553,7,2,3.0,500,MultiFam,no,multiple,no,1,415830
06236,1770,19,2,6.0,7266,Condominium,no,single,no,0,460036
03735,1432,9,5,1.0,1539,SingleFam,no,single,no,1,122437
01048,1942,18,2,1.5,5318,SingleFam,no,single,no,1,192044
00169,1994,6,3,5.0,3032,SingleFam,no,multiple,no,0,180993
01783,2024,5,2,6.5,1932,SingleFam,yes,single,no,1,584062
06109,2024,19,4,6.0,7805,SingleFam,no,single,no,2,728170
09283,1962,14,2,6.5,4292,MultiFam,yes,multiple,no,0,579214
06120,2024,6,2,1.0,5166,Condominium,no,single,no,1,47900
09401,2024,9,5,6.5,3910,SingleFam,no,single,no,1,45271
04454,2024,23,3,5.0,7180,SingleFam,no,single,no,2,21093
08342,2024,6,5,10.5,1626,MultiFam,yes,single,no,2,1407064
06703,2024,17,2,1.5,1577,Condominium,no,single,no,1,309452
04287,2024,9,2,4.5,3009,SingleFam,no,single,no,1,977125
08580,1613,18,2,6.0,4372,Condominium,no,single,no,1,456503
09522,1738,9,8,7.5,5989,MultiFam,yes,multiple,no,1,1991934
04333,1739,12,8,5.5,6984,SingleFam,no,single,no,4,101897
09970,1828,12,5,1.0,4315,SingleFam,no,single,no,1,254924
08174,1622,20,7,3.5,2071,SingleFam,yes,multiple,no,2,104415
03371,1740,6,4,5.5,1194,MultiFam,yes,multiple,no,1,238015
09984,2024,10,4,1.0,4294,SingleFam,yes,single,no,1,119053
06479,1990,12,5,5.0,1805,SingleFam,yes,single,no,1,489259
00556,1630,12,2,1.5,500,SingleFam,yes,single,no,0,75110
06156,2002,9,5,5.0,1278,SingleFam,yes,multiple,no,2,209019
02771,1933,8,8,2.0,2287,SingleFam,no,single,no,2,149748
07182,1716,10,4,8.5,5023,SingleFam,no,single,no,1,327113
00285,2024,8,5,4.5,7824,SingleFam,no,single,no,1,802380
07031,1820,20,4,5.0,1391,SingleFam,no,single,no,2,722979
00543,1837,8,2,1.5,3578,SingleFam,no,single,no,1,64331
02981,1705,6,3,6.0,8290,SingleFam,no,single,no,1,1529700
03844,2024,9,9,8.5,3721,SingleFam,no,single,no,0,105981
06165,1981,9,8,5.5,2552,SingleFam,no,single,no,0,12686
08782,2024,16,4,2.0,4925,Condominium,no,multiple,no,0,42909
07328,1929,3,5,7.5,4343,MultiFam,no,multiple,no,2,974025
02844,1945,12,2,2.5,2827,SingleFam,no,multiple,no,1,810144
05290,1913,4,6,4.0,6982,MultiFam,no,multiple,no,1,585937
05912,1747,12,9,5.5,739,SingleFam,no,multiple,no,2,389010
03225,1757,17,9,7.5,4087,SingleFam,no,single,no,3,1326810
07262,1825,3,5,1.0,6680,Condominium,no,single,no,1,360612
01568,2024,5,2,5.5,6085,Condominium,no,single,no,3,325420
06144,1755,11,8,2.5,11193,MultiFam,no,multiple,no,3,207541
08319,2024,15,2,2.5,2189,Condominium,no,single,no,1,179718
05879,2024,3,4,5.5,2112,SingleFam,no,single,no,1,80226
02561,1762,8,3,6.5,5870,MultiFam,yes,multiple,no,0,478551
02499,1586,4,5,5.0,6206,MultiFam,yes,multiple,no,1,265224
07497,1650,16,4,7.5,6369,SingleFam,no,single,no,2,275205
00828,2024,15,2,6.5,5230,MultiFam,no,multiple,no,0,1254700
00943,1792,3,3,7.5,500,SingleFam,no,multiple,no,6,49378
06675,1971,9,2,5.5,968,SingleFam,no,single,no,1,51665
06535,1967,18,2,10.5,3559,MultiFam,yes,multiple,no,1,1057474
03276,2024,17,2,5.5,4204,SingleFam,no,single,no,2,685977
05523,1733,10,3,8.5,2996,SingleFam,no,multiple,no,3,234806
03425,1633,9,2,6.0,7051,SingleFam,yes,single,no,2,251151
01334,2024,9,3,2.0,5310,SingleFam,yes,single,no,1,63573
06295,1978,12,3,4.5,3142,SingleFam,no,single,no,1,16757
00929,2024,5,2,1.5,6434,Condominium,no,single,no,4,352676
01211,2024,10,4,3.5,4808,SingleFam,yes,single,no,2,414380
05734,2024,3,2,1.0,5270,SingleFam,no,single,no,1,258132
08630,1885,11,2,3.0,2323,SingleFam,no,multiple,no,5,222387
05831,1645,7,3,2.0,500,SingleFam,yes,single,no,1,158361
00836,2024,20,2,5.5,9536,SingleFam,no,single,no,1,1765242
06417,1886,14,5,4.0,5299,SingleFam,no,single,no,0,46619
01916,2023,5,2,5.0,4679,SingleFam,no,single,no,1,329405
05939,1860,8,3,6.5,1349,SingleFam,yes,single,no,5,355836
08338,1487,9,2,3.0,5703,SingleFam,no,single,no,1,137801
06715,1592,16,2,3.5,2711,SingleFam,no,single,no,0,42507
00726,1709,12,4,2.5,4616,SingleFam,no,single,no,2,175710
03660,1375,7,2,3.0,5928,SingleFam,no,single,no,8,102953
09305,2024,12,7,4.0,6478,SingleFam,no,single,no,3,862403
01630,2024,12,3,1.0,500,SingleFam,no,single,no,1,55841
02557,2024,9,5,13.5,5426,SingleFam,no,single,no,1,1471643
01338,1881,7,2,7.0,5471,Condominium,no,single,no,2,58777
07092,1854,9,2,3.0,500,SingleFam,no,multiple,no,5,274936
00947,2024,17,2,5.5,4314,Condominium,no,single,no,1,174962
00301,1780,11,4,3.0,4387,Condominium,no,single,no,1,74276
04200,1940,15,8,4.5,965,SingleFam,yes,single,no,1,82945
05357,1369,8,4,1.0,3341,Condominium,no,single,no,0,45685
03697,1729,7,6,1.0,1375,Condominium,no,single,no,0,269968
04475,1897,7,3,2.5,500,Condominium,no,single,no,10,153898
00092,2024,15,2,1.5,3535,Condominium,no,multiple,no,3,326301
04193,1713,15,2,1.5,534,MultiFam,no,single,no,0,55498
04765,1939,11,5,9.0,1425,SingleFam,no,multiple,no,2,109874
00535,1996,13,8,1.0,4194,SingleFam,no,single,no,3,702601
08351,2024,3,2,8.5,551,SingleFam,no,single,no,1,216783
05154,1966,20,2,6.5,500,SingleFam,yes,single,no,1,157238
04259,2024,3,2,1.0,6000,Condominium,no,single,no,1,63096
04587,2024,3,2,2.0,6015,SingleFam,no,single,no,0,85965
08618,1705,9,4,3.5,3978,Condominium,no,single,no,2,46829
03596,1620,15,3,3.5,6703,MultiFam,yes,multiple,no,1,2145295
05118,2024,12,6,4.0,3670,SingleFam,no,single,no,0,106243
08573,1764,3,2,8.5,5636,SingleFam,no,single,no,2,227942
03655,1440,11,2,3.0,5317,Condominium,no,single,no,1,310861
08119,1934,11,5,1.0,6144,SingleFam,no,single,no,7,346022
05055,2024,10,6,2.0,520,SingleFam,no,single,no,2,554247
01403,1371,12,2,7.5,5335,SingleFam,no,single,no,1,397262
05180,1634,9,3,2.5,500,SingleFam,yes,single,no,1,19336
01746,1823,3,2,1.5,4322,SingleFam,no,single,no,2,81348
05326,1608,10,5,6.0,730,SingleFam,no,multiple,no,1,112305
04744,2024,8,2,2.5,500,Condominium,no,single,no,1,281420
07895,1985,11,4,9.5,9144,MultiFam,no,multiple,no,1,2743556
03310,1909,13,4,5.5,3710,SingleFam,no,single,no,2,245042
08409,1964,8,6,3.5,5757,SingleFam,yes,single,yes,1,521679
05976,2024,19,2,6.5,17370,Condominium,no,single,no,2,566172
00567,2024,3,7,3.5,1546,Condominium,no,single,no,1,70160
00300,2024,4,7,4.0,500,MultiFam,yes,multiple,no,1,260863
02226,1490,16,3,5.0,3564,SingleFam,no,single,no,5,142202
03453,1700,8,3,1.0,4249,SingleFam,no,single,no,3,259963
09384,1527,14,6,4.0,1900,SingleFam,no,multiple,no,0,75837
09815,2024,14,6,1.5,1904,Condominium,no,single,no,4,65144
09114,1999,11,3,1.5,3653,MultiFam,yes,multiple,no,1,565945
06207,2024,17,5,7.5,8187,MultiFam,no,single,no,1,605148
09147,1833,14,8,5.5,9615,SingleFam,yes,single,no,2,1701730
01289,1748,10,2,9.5,500,Condominium,no,single,no,0,336624
00887,1686,13,7,7.5,3108,SingleFam,yes,single,no,0,569910
05994,1616,8,2,6.0,5560,SingleFam,no,single,yes,1,93455
09788,2024,13,4,8.5,5159,SingleFam,no,single,no,4,84808
02029,1972,10,2,3.5,5307,MultiFam,yes,single,no,1,195524
05623,1968,9,5,2.0,5782,SingleFam,yes,single,no,1,74996
08283,2024,9,6,6.0,500,SingleFam,no,single,yes,1,40563
09127,1927,11,5,1.0,5254,Condominium,no,single,no,1,520712
08240,1683,6,2,2.5,3099,SingleFam,no,single,no,2,226715
09328,1828,11,3,3.5,7773,MultiFam,yes,multiple,no,1,269749
00353,1967,3,7,1.0,9082,SingleFam,no,multiple,no,1,596071
00299,2024,12,4,5.0,3025,SingleFam,no,single,no,0,67051
02650,2024,12,4,1.5,5173,SingleFam,no,multiple,no,0,220130
01525,2024,4,3,7.0,3789,SingleFam,no,single,no,1,411363
04123,1891,3,3,4.5,500,Condominium,no,single,no,5,65964
08075,2024,17,4,8.0,4455,Condominium,no,single,no,1,154403
07094,1884,7,3,1.0,8826,SingleFam,no,multiple,no,6,105871
03847,2024,11,9,1.0,6359,Condominium,no,single,no,1,294885
02338,2024,12,2,3.0,2024,SingleFam,no,single,no,1,42279
02965,1606,22,7,2.0,7395,Condominium,no,multiple,no,3,2000236
01835,2015,7,2,3.0,500,SingleFam,no,single,no,1,197079
03687,1620,3,4,3.5,1258,SingleFam,no,single,no,2,256132
09845,2024,15,3,4.5,7575,SingleFam,no,single,no,1,270497
01780,1934,13,2,2.5,5569,SingleFam,no,single,no,2,31634
05195,1675,9,3,6.5,5495,SingleFam,yes,single,no,0,381525
00869,2016,17,5,4.0,7009,SingleFam,yes,multiple,no,1,1812514
08883,1690,41,11,6.5,12017,Condominium,no,multiple,no,1,3000000
06706,1770,8,5,5.0,6411,SingleFam,no,single,no,1,337166
02550,2024,3,2,4.5,8956,SingleFam,yes,single,no,1,900637
04154,2013,12,2,3.0,4681,SingleFam,no,single,no,2,475159
05333,1638,13,2,7.0,2492,SingleFam,yes,single,no,1,320906
08625,2024,10,3,7.0,6336,MultiFam,yes,multiple,no,1,1580258
03118,1798,17,2,5.5,5086,SingleFam,no,multiple,no,2,196416
08786,2024,13,8,1.0,5938,SingleFam,no,single,no,4,386998
02502,1977,8,2,5.0,2338,Condominium,no,single,no,2,185523
07440,2024,11,3,9.5,8909,SingleFam,yes,single,yes,2,1462187
01705,1790,4,3,9.5,1796,Condominium,no,single,no,1,187095
07758,1646,4,7,10.0,8267,MultiFam,yes,multiple,no,0,714268
08450,2024,5,3,9.0,6333,SingleFam,no,single,no,1,1285555
07130,1837,14,6,4.0,4770,SingleFam,no,multiple,no,1,286152
00832,2024,10,2,3.0,2579,Condominium,no,single,no,1,187817
02731,1884,8,2,3.0,500,Condominium,no,single,no,0,293688
07204,1781,8,6,3.0,6351,SingleFam,yes,multiple,no,1,72158
04955,1798,9,2,1.5,6662,SingleFam,no,multiple,no,1,400845
05080,1957,3,8,5.0,4093,SingleFam,no,single,no,2,188014
05117,2024,10,5,3.5,962,SingleFam,no,single,no,0,308878
06965,2024,9,2,1.0,739,SingleFam,no,single,no,0,357536
08483,1499,12,3,1.0,3973,SingleFam,no,single,no,1,35643
03080,1926,10,2,2.0,2907,Condominium,no,single,no,1,313276
09750,2007,5,2,3.5,6186,SingleFam,no,multiple,no,1,446302
06153,1759,7,11,3.5,1168,Condominium,no,single,no,1,200477
08026,1840,8,10,2.5,3344,Condominium,no,multiple,no,3,629071
05544,2024,12,2,4.0,6368,SingleFam,no,single,no,1,358980
01691,1979,8,2,7.0,6970,MultiFam,yes,single,no,1,195615
06523,2024,7,3,1.0,4430,SingleFam,no,single,no,1,12932
02240,2024,14,2,3.5,2763,SingleFam,no,multiple,no,0,238689
02463,2024,3,2,3.5,500,SingleFam,no,single,no,1,36202
00599,1654,18,4,5.5,9671,SingleFam,no,single,no,1,1756095
06359,1685,14,5,4.0,4393,SingleFam,yes,single,no,1,635922
09935,2024,11,3,1.0,2701,Condominium,no,single,no,2,210552
05918,1427,12,2,3.5,2898,SingleFam,no,single,no,1,54008
02783,1732,14,5,5.5,8875,SingleFam,no,single,no,0,173468
04821,1808,12,4,1.0,5684,Condominium,no,single,no,4,540844
09968,1955,3,3,5.5,4424,SingleFam,no,single,no,0,523526
04258,1415,17,4,2.5,4583,SingleFam,no,multiple,no,0,52311
01897,1272,9,3,6.0,3693,Condominium,no,single,no,1,1043356
07399,1471,5,2,6.5,7590,MultiFam,yes,single,no,0,815307
06554,1882,4,3,6.5,5946,SingleFam,no,multiple,no,2,279514
02119,1737,13,5,2.5,5705,Condominium,no,single,no,1,211257
04137,1783,13,2,1.0,2273,Condominium,no,multiple,no,1,28598
08331,1864,3,2,6.0,4895,SingleFam,no,multiple,no,2,1955962
07372,1788,9,2,4.5,1932,SingleFam,yes,single,no,2,332147
03542,2024,17,4,6.0,2651,Condominium,no,single,no,0,152419
09627,2024,5,2,7.0,8022,SingleFam,no,single,no,1,1601190
05405,1886,8,2,2.5,5496,Condominium,no,single,no,1,234108
04225,2024,3,3,1.0,1873,Condominium,no,single,no,0,562520
06117,2024,5,4,7.5,8228,SingleFam,no,single,no,2,1609329
00916,1526,11,2,2.5,1984,SingleFam,no,single,no,2,189862
01015,1922,17,2,10.5,6610,Condominium,no,single,no,3,1056828
01481,1788,11,3,5.0,1723,SingleFam,no,single,no,2,334830
04517,2024,7,6,4.0,3844,SingleFam,no,multiple,no,2,261886
01102,1587,3,5,2.5,4058,SingleFam,yes,single,no,3,127058
00339,1981,10,2,9.5,4905,MultiFam,no,multiple,no,0,742538
08104,1307,3,5,2.5,5790,SingleFam,yes,single,no,0,288480
09144,2024,4,5,3.5,8413,MultiFam,yes,multiple,no,2,1159947
01724,1774,13,5,2.5,6175,MultiFam,no,multiple,no,1,1616661
03278,2024,9,5,4.5,4520,SingleFam,no,single,no,0,48969
09431,1559,11,2,10.0,2938,SingleFam,no,single,no,1,433457
03588,1788,11,8,3.5,500,SingleFam,no,multiple,no,1,308448
07845,2024,4,2,7.5,5989,SingleFam,no,single,no,2,300700
00195,1531,3,2,1.0,3989,SingleFam,no,single,no,3,286175
05752,1286,8,2,1.0,2936,SingleFam,no,multiple,no,1,857244
09142,2024,3,3,3.0,1980,Condominium,no,single,no,2,199342
05649,2024,9,5,3.5,10162,MultiFam,no,multiple,no,1,295213
05045,1883,13,3,6.5,3426,Condominium,no,single,no,1,1076520
00254,2024,9,2,2.5,568,SingleFam,no,single,no,1,60191
05303,1309,9,2,1.5,1987,Condominium,no,single,no,1,77044
02892,2024,4,4,4.0,7556,Condominium,no,single,no,1,582242
07750,1865,9,4,5.5,7667,SingleFam,no,multiple,no,1,99114
05729,2007,4,2,3.5,500,Condominium,no,single,no,1,46434
08171,1897,3,2,1.0,1172,Condominium,no,single,no,1,222580
09086,1754,16,5,1.0,2874,MultiFam,yes,single,no,4,677480
06591,1696,10,9,1.0,500,SingleFam,yes,single,yes,3,192968
00642,1731,19,5,1.0,1500,SingleFam,yes,single,no,0,97487
09939,2019,19,2,1.0,3120,SingleFam,no,single,no,2,376591
03945,2024,3,5,1.0,3270,Condominium,no,single,no,1,1055968
08976,1691,13,3,2.0,6252,SingleFam,no,single,no,1,1443276
06078,1943,3,2,3.5,1459,Condominium,no,single,no,1,75028
00683,2024,20,2,3.5,5516,MultiFam,no,multiple,no,1,132876
09189,2024,8,2,1.0,1376,MultiFam,yes,multiple,no,1,264160
07641,1899,17,2,6.5,6185,SingleFam,no,single,yes,2,633007
09408,2024,7,2,1.5,4079,SingleFam,no,multiple,no,2,81157
01474,2024,7,5,6.0,5625,SingleFam,no,single,no,1,270169
01639,1979,9,4,1.5,2742,SingleFam,no,single,no,1,140942
01762,1691,12,2,3.5,7870,SingleFam,no,single,no,0,111021
04046,2024,12,2,3.0,5446,SingleFam,no,single,no,1,155108
08115,1773,20,3,1.0,11806,Condominium,no,single,no,1,59195
07741,2024,7,2,5.0,500,SingleFam,no,multiple,no,2,219297
07900,1531,6,6,2.0,1916,Condominium,no,single,no,1,157811
07906,1882,15,2,3.5,500,Condominium,no,single,no,3,68812
07765,1646,3,3,2.0,500,SingleFam,no,multiple,yes,0,200244
05369,2011,10,5,6.0,500,Condominium,no,single,no,0,1008236
09550,1913,14,6,3.0,1632,SingleFam,yes,single,no,1,548309
05703,2024,12,4,1.0,500,MultiFam,no,single,no,9,68266
09270,1493,9,2,2.0,1037,SingleFam,no,single,no,0,68742
02855,1678,8,4,1.0,500,SingleFam,no,single,no,1,4573
07527,2024,11,5,4.0,5930,SingleFam,yes,single,no,1,28385
05635,2022,12,8,11.0,8001,MultiFam,yes,single,no,1,1543711
09327,1644,4,2,4.0,5767,SingleFam,no,multiple,no,1,16710
03356,1781,10,2,3.0,2417,Condominium,no,single,no,1,166147
01121,1509,3,6,4.5,2766,SingleFam,no,single,no,0,45306
08261,2024,8,3,5.5,3997,MultiFam,no,multiple,no,1,264180
04735,1784,16,4,1.5,11312,MultiFam,yes,multiple,no,1,1870870
06025,1859,16,2,7.0,1278,SingleFam,yes,single,no,1,169924
01511,1651,14,2,3.5,4072,SingleFam,yes,multiple,no,0,98583
08547,2024,7,2,4.5,5098,Condominium,no,single,no,1,299104
07293,1908,9,8,5.0,3584,MultiFam,yes,multiple,no,1,819182
02090,1650,17,2,4.0,9540,SingleFam,no,single,no,0,924694
06532,1858,15,2,8.5,5319,MultiFam,yes,multiple,no,1,350680
07657,2024,5,3,6.5,5291,SingleFam,no,single,no,1,597989
09287,1829,10,2,6.5,5610,Condominium,no,single,no,1,224888
02660,1648,17,4,6.0,3171,SingleFam,no,multiple,no,0,389446
05567,1781,3,4,4.5,1210,SingleFam,yes,single,no,3,46109
04749,1945,9,7,3.5,2908,SingleFam,no,multiple,no,1,333576
05242,2024,20,3,2.5,3814,SingleFam,no,single,no,1,989163
07246,2024,12,3,5.5,4532,MultiFam,no,multiple,no,1,795246
03363,1469,6,2,2.0,4830,SingleFam,no,single,no,0,40273
06304,2024,10,7,5.5,8717,SingleFam,no,single,no,1,1304970
08061,1739,9,2,6.5,2914,SingleFam,no,multiple,no,3,739301
04916,1778,18,4,1.0,3805,MultiFam,no,multiple,no,0,950342
03803,1563,9,10,3.5,6467,SingleFam,yes,single,no,9,79862
08476,1787,13,3,1.0,8315,SingleFam,no,single,no,0,773773
08709,1631,5,4,8.0,6768,SingleFam,no,multiple,no,2,915940
05511,1857,13,5,1.0,7446,Condominium,no,single,no,1,173114
06472,1881,11,3,6.5,4313,SingleFam,no,single,no,1,536021
02007,1680,5,2,6.5,3079,Condominium,no,single,no,1,203984
00973,1582,12,4,4.0,6814,MultiFam,yes,multiple,no,1,618651
03268,1959,8,3,1.0,3542,Condominium,no,single,no,2,305639
00899,1770,26,6,6.0,9158,Condominium,no,multiple,no,3,1268876
01148,1848,18,2,9.5,4487,SingleFam,no,single,no,2,1277490
07511,1443,7,7,2.0,2973,Condominium,no,single,no,1,1018964
09080,2024,7,4,5.0,3754,Condominium,no,single,no,2,287180
05361,1927,16,8,3.0,1663,SingleFam,no,single,no,1,550309
04375,2024,3,6,4.0,500,SingleFam,no,single,yes,6,4961
07671,1883,11,3,1.0,2160,Condominium,no,single,no,1,198083
06832,1728,4,2,1.0,4295,SingleFam,no,single,no,2,6108
05032,2024,17,5,4.5,10975,MultiFam,yes,multiple,no,2,69579
03011,2024,17,2,8.0,1982,Condominium,no,single,no,1,63852
04934,1756,5,7,7.5,3545,SingleFam,no,multiple,no,0,1773543
08977,1866,11,4,2.5,4562,SingleFam,no,single,no,3,159645
09782,1490,15,2,1.0,6129,Condominium,no,single,no,3,209767
09195,1664,9,3,3.0,1358,SingleFam,no,single,no,2,94222
03475,1523,6,3,3.0,5539,SingleFam,yes,single,no,1,162272
08117,1804,9,4,5.0,7163,Condominium,no,single,no,2,577025
00075,1859,14,4,1.5,5800,SingleFam,no,multiple,no,4,438476
07768,1599,8,5,6.5,2757,Condominium,no,single,no,4,477628
04950,1976,13,3,3.0,1850,SingleFam,no,single,no,0,26209
07723,1913,3,2,4.0,500,Condominium,no,multiple,no,1,23647
06364,2024,12,7,2.0,6171,Condominium,no,single,no,2,338088
01273,1845,15,2,2.5,5791,SingleFam,no,single,no,2,350965
03378,1917,16,4,1.5,500,SingleFam,no,single,no,2,62272
06013,1735,10,4,8.0,8242,SingleFam,no,multiple,no,0,1191630
08933,2003,8,2,7.0,5712,MultiFam,yes,single,no,1,1228540
01577,1353,9,7,1.0,1282,SingleFam,no,single,no,3,246142
05132,1619,14,2,2.5,2870,SingleFam,yes,multiple,no,0,151099
02746,1879,8,4,4.0,500,SingleFam,no,single,no,1,117293
08800,1983,3,3,5.5,500,SingleFam,no,single,no,2,134966
03188,1875,14,7,5.5,6781,MultiFam,yes,multiple,no,0,738740
04608,1671,16,7,6.0,8999,MultiFam,no,multiple,no,4,2620075
09072,1712,17,2,6.5,4704,MultiFam,yes,multiple,no,1,786775
06108,1913,8,2,1.0,2067,SingleFam,yes,single,no,0,187041
07065,1719,10,3,8.5,3471,SingleFam,yes,single,no,1,826597
00592,1513,19,3,1.0,2398,SingleFam,yes,single,no,1,212195
02110,1986,15,8,5.5,691,SingleFam,no,single,no,0,268037
08212,1919,9,2,1.0,2466,Condominium,no,single,no,2,44495
02792,2024,21,2,1.0,7767,SingleFam,no,single,no,1,144977
06400,1816,15,3,9.5,4618,MultiFam,yes,single,no,3,1582160
01306,1975,16,2,8.5,3948,Condominium,no,single,no,2,572400
05291,1357,12,4,2.0,3247,MultiFam,yes,multiple,no,2,499262
03428,1820,9,2,3.5,7587,SingleFam,no,single,no,0,176965
01922,1987,3,5,1.5,3146,SingleFam,no,single,no,11,194920
08159,2024,12,9,7.0,11123,MultiFam,yes,multiple,no,11,1459192
05992,1961,21,2,1.0,4119,MultiFam,no,multiple,no,1,73232
00547,2024,24,2,5.5,6595,MultiFam,no,single,no,1,1467234
06161,2024,10,2,3.0,4612,SingleFam,no,single,no,0,26771
03658,1627,12,3,6.0,3306,SingleFam,no,single,no,1,118352
02843,1916,9,4,2.5,4405,SingleFam,yes,single,no,2,370588
04597,1954,23,2,2.5,8154,Condominium,no,multiple,no,0,892822
04987,2024,8,5,6.5,2577,SingleFam,no,single,no,1,38874
01516,1621,10,4,8.0,8059,MultiFam,yes,multiple,no,1,451484
01750,1871,9,2,1.0,3509,SingleFam,yes,single,no,0,96425
08360,2024,13,4,4.5,500,Condominium,no,single,no,1,286052
04031,1914,5,5,8.5,7367,SingleFam,no,single,no,1,708604
09136,1748,15,2,7.5,7143,SingleFam,no,single,no,1,808799
08737,1859,13,2,4.5,2390,SingleFam,no,single,no,0,147103
03597,1967,13,9,4.5,8690,SingleFam,no,single,no,2,711706
07853,2024,19,5,5.0,10165,MultiFam,no,multiple,no,1,2202301
06057,2024,11,3,5.5,6155,MultiFam,yes,multiple,no,1,711890
04776,1296,10,2,1.5,5006,SingleFam,no,single,no,2,145594
08949,2024,5,4,5.5,2503,Condominium,no,multiple,no,1,190948
06387,1801,12,7,8.0,10213,SingleFam,no,single,yes,1,1392965
04708,2024,11,3,3.0,7070,SingleFam,no,single,no,0,401956
08998,1365,18,7,3.5,2349,SingleFam,no,multiple,no,1,528493
09861,1777,7,3,5.5,5779,Condominium,no,multiple,no,1,266703
05915,1749,10,8,4.0,500,SingleFam,no,single,no,1,83278
05826,2024,10,7,8.5,7796,Condominium,no,single,no,1,69024
08180,2024,14,5,6.0,986,SingleFam,no,multiple,no,0,435919
00126,1616,9,2,3.5,1952,Condominium,no,single,no,2,515532
01841,1798,11,2,6.5,3941,SingleFam,no,single,no,0,68300
01983,1572,7,5,3.5,2549,MultiFam,yes,multiple,no,1,870590
03213,2024,3,2,4.0,645,SingleFam,no,multiple,no,0,71520
09830,2024,18,7,7.5,2980,SingleFam,no,single,no,0,344859
01824,1911,9,4,1.0,6813,SingleFam,no,single,no,1,458363
07166,1917,19,4,1.0,3100,MultiFam,no,multiple,no,1,655382
01402,2024,12,2,1.5,500,SingleFam,no,single,no,0,219202
00461,1890,15,2,3.5,3208,SingleFam,no,single,no,1,227306
05316,1662,5,2,8.5,3283,Condominium,no,single,no,0,580601
06485,2024,10,5,2.5,5620,SingleFam,no,single,no,1,144215
03214,2024,8,4,8.0,4979,MultiFam,yes,multiple,no,1,85363
02002,1574,10,2,4.0,6371,SingleFam,no,multiple,no,1,46773
02483,1738,7,6,2.5,7260,Condominium,no,single,no,1,206053
04247,2024,19,3,7.0,5083,SingleFam,no,single,no,1,516522
00875,1922,7,2,5.5,5214,SingleFam,no,single,no,0,208898
00430,2024,13,3,3.5,7164,SingleFam,no,multiple,no,0,254822
08685,1808,15,2,9.0,9688,MultiFam,no,multiple,no,2,2017243
05064,2022,8,9,5.0,5935,SingleFam,no,multiple,no,1,833445
04645,1594,11,6,3.5,3688,Condominium,no,single,no,0,192556
09769,1386,9,2,1.0,2161,Condominium,no,single,no,2,512448
01110,1493,12,5,4.5,6661,SingleFam,yes,multiple,no,1,1066173
00272,1678,10,5,7.0,2843,SingleFam,yes,single,no,1,1044432
04319,2024,11,2,1.0,2133,Condominium,no,single,no,1,59038
06122,1805,9,3,6.0,6676,MultiFam,yes,multiple,no,1,1858674
01522,1790,6,2,6.5,3941,SingleFam,yes,multiple,yes,0,24723
01941,2024,9,4,2.0,6208,SingleFam,no,multiple,no,2,447602
01759,1829,11,2,6.5,1845,SingleFam,no,single,no,1,248100
00259,1800,5,2,3.5,500,SingleFam,yes,multiple,no,1,103839
09683,1812,10,9,1.0,5601,MultiFam,yes,multiple,no,4,507912
03771,1645,10,4,5.5,9178,MultiFam,yes,multiple,no,0,1549146
08698,2024,12,2,5.5,3185,SingleFam,yes,single,no,1,905358
09661,2024,13,2,5.0,6929,Condominium,no,single,no,0,309694
02458,1581,20,7,1.5,1280,SingleFam,no,single,no,0,66371
01373,1573,17,3,3.5,1437,SingleFam,no,multiple,no,0,172158
09523,1617,15,2,2.5,1277,Condominium,no,single,no,1,1023472
07445,2024,11,2,3.5,7892,SingleFam,no,multiple,no,1,31332
09806,2024,7,3,2.0,500,Condominium,no,single,no,0,151555
06934,2019,5,10,1.0,3820,Condominium,no,single,no,1,1076792
07492,1864,4,3,5.5,4730,SingleFam,yes,single,no,0,955723
08861,1537,9,2,6.5,4392,SingleFam,no,single,no,1,91373
07137,1177,3,5,2.0,7204,Condominium,no,single,no,1,75536
04586,1982,12,2,8.0,3789,MultiFam,no,multiple,no,1,1508079
04738,1618,8,5,4.5,2881,SingleFam,no,single,no,0,64986
02166,1940,26,2,5.5,9621,SingleFam,no,single,no,1,699933
04873,1625,10,4,3.5,3404,SingleFam,yes,single,no,0,304968
02793,1382,3,2,1.0,1428,Condominium,no,single,no,2,311316
07937,1755,10,7,3.5,5155,MultiFam,no,multiple,no,4,1017925
08299,1620,8,2,1.5,500,Condominium,no,single,no,6,340949
02987,1459,20,4,3.25,8183,Condominium,no,multiple,no,1,877856
04109,1846,8,4,2.0,6138,Condominium,no,single,no,1,296320
07596,2024,10,2,1.0,500,MultiFam,yes,multiple,yes,1,278361
01145,1721,6,3,5.0,500,SingleFam,yes,single,no,1,148127
00722,2024,9,4,3.5,4804,SingleFam,no,single,no,3,47586
04564,1870,14,2,6.0,6696,SingleFam,no,single,no,1,844378
05036,2024,7,3,1.0,4649,Condominium,no,single,no,1,347498
04973,1785,8,2,6.0,8657,SingleFam,yes,single,no,3,1485137
01529,1738,5,3,7.5,2022,SingleFam,yes,multiple,no,5,478761
07842,1498,14,4,4.5,4448,SingleFam,yes,single,no,1,133200
07712,1771,17,4,7.5,13917,Condominium,no,single,no,0,558994
04460,2024,13,5,7.5,6809,SingleFam,no,single,no,1,865202
02104,1777,13,2,3.5,2169,SingleFam,no,single,no,3,302878
04240,2024,14,3,1.0,9694,SingleFam,no,single,no,3,465502
00519,1648,5,5,3.5,3986,Condominium,no,single,no,2,167904
06264,1793,5,2,4.0,7773,Condominium,no,single,no,2,216018
06600,2024,17,4,5.5,5389,SingleFam,no,single,no,0,266284
03714,1699,14,2,7.5,1926,MultiFam,yes,multiple,no,1,287786
06926,1747,5,2,6.5,1840,SingleFam,no,multiple,no,1,120678
02052,2024,24,5,7.75,8463,Condominium,no,multiple,no,1,275254
04368,1946,8,6,3.0,5306,Condominium,no,single,no,1,315556
09397,2024,3,5,1.0,500,SingleFam,no,single,no,1,44722
05267,2004,6,3,3.0,500,SingleFam,no,multiple,no,2,327645
01651,1992,7,4,3.5,3592,SingleFam,no,single,no,2,12350
04519,1966,4,2,4.5,5337,MultiFam,yes,multiple,no,2,1336442
00938,1832,15,9,4.5,8539,MultiFam,no,multiple,no,1,872152
07815,1192,7,3,5.0,500,Condominium,no,single,no,2,341836
03068,1793,20,6,6.5,3900,SingleFam,no,single,no,1,102235
07665,1290,7,2,4.0,4433,Condominium,no,single,no,1,318200
08657,2024,13,3,5.0,1703,SingleFam,no,multiple,no,1,180429
07599,1800,3,4,1.0,1633,SingleFam,yes,single,no,2,68190
09112,2024,11,2,5.0,7467,MultiFam,no,single,no,1,841076
06879,1901,11,2,4.5,5160,SingleFam,no,single,no,2,127995
02734,2024,15,5,4.5,865,MultiFam,yes,single,no,3,530434
04649,1615,16,4,1.5,3382,MultiFam,yes,multiple,no,1,271294
06546,1778,4,2,1.5,2261,SingleFam,no,single,no,1,55053
00029,2007,16,5,7.0,10751,SingleFam,no,single,no,4,1127314
03190,1842,8,2,2.5,1808,SingleFam,yes,multiple,no,2,472590
02510,1674,8,2,8.5,500,SingleFam,no,single,no,1,596465
03094,1415,12,5,1.5,1912,SingleFam,no,multiple,no,2,159427
03197,2024,11,2,4.5,2631,SingleFam,no,single,no,0,49709
03175,2024,17,4,6.0,3092,Condominium,no,single,no,2,301192
00594,1497,6,6,1.0,755,MultiFam,yes,multiple,no,2,897922
05810,2024,15,2,6.0,2222,Condominium,no,single,no,1,466052
05033,2024,4,7,1.5,500,SingleFam,no,single,no,1,378793
01853,1691,3,3,1.5,2684,SingleFam,no,multiple,no,3,110317
01808,1870,3,5,7.5,1338,Condominium,no,single,no,0,492984
02906,2024,4,3,10.5,4934,SingleFam,no,multiple,no,1,188257
06297,2024,8,2,1.0,7083,SingleFam,no,single,no,3,156042
05656,2024,16,6,1.0,2565,Condominium,no,single,no,0,226644
01833,2024,4,8,4.5,500,SingleFam,no,single,no,0,14349
08527,1892,7,3,4.5,3389,Condominium,no,single,no,3,188937
00861,2024,9,2,7.5,5536,SingleFam,no,single,no,0,384383
02437,2024,19,5,2.5,5007,SingleFam,no,single,no,2,179201
03392,2020,3,8,1.0,6019,SingleFam,no,single,no,1,150055
06604,1805,12,7,1.5,3773,SingleFam,no,multiple,no,2,169780
07613,2024,3,2,5.0,9473,SingleFam,no,multiple,no,2,163298
00005,1651,14,2,4.0,8608,SingleFam,yes,single,no,5,130912
03834,1848,14,3,6.0,1221,SingleFam,no,single,no,1,175702
07449,1832,5,6,5.0,5437,SingleFam,no,single,no,2,57320
05876,1785,5,2,2.5,1278,SingleFam,no,single,no,1,86048
05714,2018,12,3,1.0,4706,Condominium,no,single,no,3,166858
06881,1802,9,2,5.5,500,SingleFam,no,single,no,2,83737
05705,1857,10,2,5.0,2002,Condominium,no,single,no,0,526756
00256,1957,10,4,4.5,1703,SingleFam,yes,single,no,0,180464
05680,1900,3,2,3.5,500,SingleFam,no,single,no,1,11136
03114,2024,11,3,4.5,2488,SingleFam,no,single,no,2,192659
04794,2024,24,8,4.75,7801,Condominium,no,multiple,no,0,1070104
09032,1874,14,5,5.5,9874,SingleFam,no,multiple,no,1,2064030
02787,1488,3,2,3.5,5181,SingleFam,no,single,no,3,366351
01264,1807,10,6,5.0,10533,MultiFam,no,single,no,0,779722
09997,2024,4,4,4.5,1894,Condominium,no,single,no,0,47029
01896,1446,11,5,5.0,10170,SingleFam,no,single,no,0,409117
06043,1807,9,6,1.0,509,SingleFam,no,single,no,2,351667
05058,1789,8,2,4.5,7696,Condominium,no,single,no,0,446140
04073,2024,14,10,1.0,962,MultiFam,yes,multiple,no,1,269961
04478,1840,3,3,1.0,2959,Condominium,no,single,no,1,66544
05001,1860,17,9,4.5,5954,MultiFam,yes,single,yes,2,279579
02562,1979,14,4,1.0,500,MultiFam,yes,multiple,no,1,192505
05320,1984,9,2,3.5,5097,MultiFam,yes,multiple,no,3,277369
00034,1718,3,3,1.0,8789,SingleFam,no,single,no,1,1746280
02042,1981,3,2,1.5,500,Condominium,no,single,no,3,63564
07257,2024,8,4,6.0,4583,SingleFam,no,multiple,no,1,905086
02486,1877,3,3,2.5,2240,SingleFam,no,single,no,1,194006
03217,1924,18,2,1.0,6001,SingleFam,no,single,no,2,519886
09346,1878,10,6,5.5,7930,SingleFam,no,single,no,4,179818
08218,2024,8,7,1.5,4528,SingleFam,no,single,no,1,20411
08519,1925,3,6,5.0,813,SingleFam,no,multiple,no,1,155091
07626,1662,3,7,5.0,3662,SingleFam,no,single,no,1,950120
04058,1696,6,6,2.0,7686,MultiFam,yes,multiple,no,0,1396023
07500,1837,10,7,6.0,6142,SingleFam,no,single,no,1,263110
06978,1686,17,2,2.5,500,SingleFam,no,single,no,2,229921
06772,1772,10,2,2.0,1191,SingleFam,no,single,no,2,66461
02034,1779,7,5,2.0,1927,Condominium,no,single,no,2,330714
09311,1993,11,6,1.0,7587,Condominium,no,single,no,0,196300
07047,2024,8,2,4.5,1602,Condominium,no,single,no,2,1047940
02137,1744,10,4,1.5,4667,Condominium,no,single,no,1,46530
02732,1415,4,5,8.5,6349,SingleFam,no,multiple,no,1,249716
06918,1677,3,3,3.0,7245,SingleFam,no,multiple,no,3,578785
06023,1879,19,8,2.0,2932,SingleFam,no,single,no,1,250559
01770,1895,11,6,6.0,3624,Condominium,no,single,no,2,194137
07203,1504,7,4,3.5,1737,Condominium,no,single,no,0,70412
06774,1750,17,5,2.5,3782,SingleFam,no,single,no,1,283071
00488,1887,9,8,1.0,5563,SingleFam,no,single,no,2,48741
01222,1410,37,11,1.0,10232,Condominium,no,multiple,no,1,275282
03183,2024,3,2,4.0,6172,SingleFam,no,multiple,no,1,170300
03418,2024,8,6,1.5,500,Condominium,no,multiple,no,5,648417
03449,1847,15,2,5.0,7784,SingleFam,no,multiple,no,1,662631
06507,2024,13,4,2.5,4373,Condominium,no,single,no,2,69108
06823,1896,20,6,7.0,10577,SingleFam,no,single,no,1,970106
08004,1623,15,2,2.0,2283,SingleFam,no,single,no,1,49409
08128,1532,11,3,3.0,2332,SingleFam,no,single,no,1,251780
03142,1946,18,4,4.5,1829,Condominium,no,single,no,1,171234
04423,1794,13,2,1.0,5783,Condominium,no,single,no,1,360792
07799,1820,21,2,1.0,500,Condominium,no,single,no,0,193432
09940,1590,23,5,3.5,2624,SingleFam,no,single,no,1,1136679
00251,1748,14,5,4.0,2102,SingleFam,yes,single,no,1,73546
05723,1586,4,2,6.0,3136,SingleFam,yes,single,no,2,316739
04382,1643,4,5,3.0,5555,SingleFam,no,single,no,1,395600
05770,1666,16,7,1.0,3863,SingleFam,no,single,no,0,120121
08774,2024,3,4,1.0,3474,MultiFam,no,multiple,no,4,789472
05209,1713,3,4,5.5,7170,SingleFam,yes,single,no,1,358471
07295,1747,8,3,1.5,500,Condominium,no,single,no,1,215176
09007,1935,8,5,3.5,2907,Condominium,no,single,no,2,561534
01234,1650,22,4,5.5,7559,SingleFam,no,single,no,0,518195
06314,2024,8,4,6.0,7791,SingleFam,no,single,no,4,426068
07181,1777,15,4,6.5,8432,SingleFam,no,single,no,10,373862
04737,2024,11,6,5.0,8732,SingleFam,no,single,no,8,134303
03149,2024,14,2,6.0,1591,SingleFam,no,single,no,2,759367
08309,2024,14,2,4.5,19324,Condominium,no,single,no,0,161884
06255,1627,9,5,1.0,3535,MultiFam,yes,single,no,1,58253
00205,1733,9,6,2.5,2442,Condominium,no,single,no,1,529804
00982,2024,7,4,8.5,10157,SingleFam,yes,single,no,1,1369769
00730,1995,18,9,6.5,4985,SingleFam,yes,single,no,1,1081347
05436,1537,6,2,2.5,1385,SingleFam,no,multiple,no,1,72714
02812,2024,9,4,1.5,6364,SingleFam,no,single,no,1,321819
05173,2024,17,11,3.5,7613,MultiFam,no,multiple,no,1,1267466
06650,1982,6,3,1.0,500,SingleFam,no,single,no,3,79208
00759,2024,9,5,4.5,862,SingleFam,no,multiple,no,2,38323
04668,2024,21,3,5.0,1493,Condominium,no,single,no,0,73172
03929,1791,9,2,1.0,1237,SingleFam,no,single,no,1,74501
04552,2003,11,2,2.5,2157,Condominium,no,single,no,1,36666
07921,1436,5,3,1.0,1282,MultiFam,yes,multiple,no,1,563421
05363,1947,12,2,1.0,6964,SingleFam,no,single,no,3,333033
02888,1856,8,7,7.5,5769,MultiFam,yes,multiple,no,3,1607584
08733,2024,8,4,1.0,6409,Condominium,no,multiple,no,1,275884
08902,1771,10,7,1.0,6997,SingleFam,no,multiple,no,1,296504
01294,1844,13,2,7.5,2548,SingleFam,yes,single,no,1,903688
07685,1333,4,3,6.5,3066,SingleFam,no,multiple,no,1,109051
08940,2024,18,3,5.0,8780,Condominium,no,single,no,3,59446
00479,2024,14,4,5.0,6265,MultiFam,yes,multiple,no,5,1102689
09525,1873,3,2,1.0,3426,MultiFam,no,multiple,no,1,294116
02577,1780,16,6,5.5,7448,SingleFam,no,single,no,4,72457
06239,2017,6,2,5.5,500,SingleFam,no,single,no,1,95161
08383,1769,7,3,1.0,500,SingleFam,no,single,no,3,32422
01173,1815,20,2,3.0,1342,SingleFam,yes,multiple,no,1,81364
05528,1973,3,9,4.0,1252,SingleFam,yes,single,no,1,38785
02371,1737,8,6,6.5,6207,Condominium,no,single,no,0,463868
04271,1514,16,11,8.0,6115,SingleFam,no,single,no,0,383325
01042,2024,12,3,5.5,9866,SingleFam,no,multiple,no,5,211636
08078,1896,4,4,3.5,6459,SingleFam,no,single,no,0,238945
00219,1810,6,5,7.5,6245,SingleFam,no,single,no,3,952850
08191,1888,4,6,4.5,500,Condominium,no,single,no,1,213195
03497,1344,11,2,4.5,3207,SingleFam,no,single,no,2,27024
05335,2024,10,6,5.5,1933,SingleFam,no,multiple,no,1,97347
05648,2024,5,4,4.5,500,Condominium,no,single,no,1,77796
09021,2024,15,5,2.0,2989,Condominium,no,single,no,1,453703
09301,1729,8,3,3.0,6315,Condominium,no,single,no,1,46998
05943,1357,15,2,7.0,5853,Condominium,no,single,no,1,65872
08393,2024,3,2,1.0,4921,SingleFam,no,single,no,1,139459
00041,1987,9,2,6.0,5448,SingleFam,no,single,no,1,289103
08213,1970,11,5,3.5,500,SingleFam,no,single,no,2,67989
04438,1957,7,2,3.0,500,SingleFam,no,single,no,1,45796
07170,2024,13,2,1.0,500,SingleFam,no,single,no,1,51536
01937,1905,12,4,5.0,3692,SingleFam,no,single,no,1,311972
03724,1966,15,7,7.5,5137,SingleFam,no,multiple,no,0,1906840
02256,1840,9,13,3.0,5330,SingleFam,no,multiple,no,0,1657620
04743,1461,8,2,1.0,928,SingleFam,no,single,no,1,99937
09253,2024,10,3,2.5,3447,MultiFam,yes,multiple,no,1,405658
00745,2024,10,2,1.0,3976,SingleFam,no,single,no,1,15729
08767,1664,7,6,5.0,5493,Condominium,no,single,no,2,307819
05799,2024,11,3,2.5,5272,SingleFam,no,multiple,no,2,576120
08195,1709,10,5,8.5,4380,SingleFam,yes,single,no,1,177779
09422,2024,24,6,7.0,10112,Condominium,no,multiple,no,1,3000000
07157,1641,9,2,5.5,7001,SingleFam,yes,single,no,1,203095
04920,2024,3,3,7.5,7013,SingleFam,no,single,no,5,33761
04970,2024,18,3,9.5,2723,SingleFam,yes,single,yes,1,852066
01075,1927,11,5,7.0,5057,SingleFam,no,single,no,0,377957
04356,1838,3,5,1.5,4655,SingleFam,no,multiple,no,2,244750
06649,1946,12,5,4.5,4768,SingleFam,yes,single,no,0,239099
07597,2024,6,6,2.0,9377,MultiFam,yes,multiple,no,2,512236
02813,1565,9,2,1.0,7591,SingleFam,no,single,no,1,294906
05110,1619,6,3,1.0,500,SingleFam,no,single,no,1,59567
08912,1639,19,4,7.5,2382,SingleFam,no,single,yes,1,69318
06953,1917,13,3,1.0,5263,MultiFam,yes,multiple,no,0,861652
06464,1749,10,5,3.0,1789,Condominium,no,single,no,3,501176
04933,1829,4,7,3.5,2615,SingleFam,no,single,no,0,111099
07689,1869,10,3,6.5,500,Condominium,no,single,no,2,170527
01429,2024,17,7,3.5,913,SingleFam,no,single,no,3,92119
03538,1678,22,3,5.0,4729,SingleFam,no,single,no,1,183012
04279,2024,9,4,1.5,500,SingleFam,yes,single,no,2,56834
08427,2010,3,6,2.5,3154,SingleFam,no,single,no,1,165248
00304,1684,16,3,8.0,8337,SingleFam,no,single,no,1,1310219
03412,1747,11,3,3.0,2517,Condominium,no,single,no,6,492016
07942,2024,12,2,1.0,7731,SingleFam,no,single,no,2,343543
09075,1706,10,6,2.5,5167,Condominium,no,single,no,0,160586
03643,2024,12,2,1.0,2425,Condominium,no,single,no,0,481752
02328,2024,18,3,3.0,500,SingleFam,yes,single,no,1,246976
01720,1834,3,4,6.5,1848,Condominium,no,single,no,2,454852
00687,1907,6,2,5.0,4559,SingleFam,no,single,no,2,361550
01644,1627,16,2,5.5,1506,Condominium,no,single,no,2,201348
08729,1952,12,3,7.0,4113,MultiFam,no,single,no,1,660291
04467,2024,12,4,7.5,1296,Condominium,no,single,no,2,163799
03415,1908,8,4,10.0,11892,MultiFam,no,single,no,1,1245144
05263,1908,14,6,3.5,3071,Condominium,no,single,no,1,346352
09461,2024,11,2,9.5,3662,SingleFam,yes,single,no,1,559295
04838,1863,6,2,3.0,7096,SingleFam,yes,multiple,no,1,268720
06852,2024,5,2,3.5,992,SingleFam,yes,single,no,0,286967
07363,1815,8,5,1.5,500,Condominium,no,single,no,1,146054
05023,1483,4,3,6.5,2525,SingleFam,no,single,no,0,97066
01401,2024,17,5,4.5,5559,SingleFam,no,single,no,2,191298
09775,2021,9,3,2.0,2208,Condominium,no,single,no,4,356836
06465,1917,17,2,2.0,2239,Condominium,no,single,no,0,71096
06178,1978,3,10,3.0,877,MultiFam,yes,single,no,2,796696
01766,1562,8,2,2.0,500,Condominium,no,single,no,1,289312
02898,1777,3,2,6.0,1852,SingleFam,no,single,no,1,683394
01526,2015,27,5,3.5,4544,Condominium,no,single,no,0,48666
01140,2024,5,4,1.0,1991,SingleFam,no,single,no,1,534004
09505,2024,8,3,3.5,1716,SingleFam,no,single,no,1,306548
09938,2013,14,6,4.5,5001,SingleFam,yes,single,no,1,621668
08768,1560,11,7,4.0,1696,Condominium,no,single,no,3,46618
06368,1992,3,2,3.5,2878,SingleFam,no,single,no,1,8514
08415,1697,16,8,4.5,5589,MultiFam,no,multiple,no,1,55926
02881,1423,6,6,10.0,5350,Condominium,no,single,no,0,144519
01938,1722,14,9,4.5,1899,SingleFam,no,multiple,no,0,393153
09799,2003,6,5,7.0,3408,SingleFam,no,single,no,1,237877
03867,2024,14,3,1.0,2830,Condominium,no,single,no,2,289284
01025,1717,12,2,2.5,856,SingleFam,no,single,no,0,71360
04055,1640,8,8,10.5,2990,SingleFam,no,multiple,no,2,576434
09807,1888,14,4,7.5,2571,MultiFam,yes,multiple,no,0,1318683
09842,2024,13,4,3.5,3508,SingleFam,no,single,no,1,209359
04704,2024,7,5,4.0,4986,SingleFam,no,multiple,no,1,1177476
09781,1966,16,8,6.5,6892,SingleFam,no,single,no,0,1208956
03124,1899,15,2,3.0,992,SingleFam,no,multiple,no,4,30141
00903,1836,11,4,9.5,500,SingleFam,no,single,no,4,174063
02708,1950,11,3,4.0,2373,Condominium,no,single,no,1,148586
09805,1935,14,2,5.0,4756,SingleFam,no,single,no,1,199936
01812,1459,11,10,2.5,5425,SingleFam,no,multiple,no,3,321465
04429,1811,13,2,3.0,2178,Condominium,no,single,no,0,149094
04189,1492,7,3,2.5,3896,SingleFam,yes,multiple,no,2,241183
05930,2024,4,3,1.0,5842,Condominium,no,single,no,1,307546
09641,1696,17,8,1.5,6791,SingleFam,no,single,no,2,513981
08106,1773,11,3,4.5,3103,SingleFam,no,multiple,no,0,51946
06709,1818,12,4,5.0,5527,SingleFam,no,single,no,2,113592
04139,1837,6,2,2.5,3684,Condominium,no,single,no,2,352248
02157,1963,13,6,7.0,5372,MultiFam,no,multiple,no,1,266509
02913,1833,8,5,9.5,3383,Condominium,no,single,no,0,279644
07567,2024,20,7,7.5,6820,MultiFam,no,multiple,no,1,231054
07601,1315,10,2,1.0,1708,SingleFam,no,single,no,2,94126
02432,1686,8,4,5.5,7388,SingleFam,no,multiple,no,1,166566
08491,1699,3,3,1.0,5374,SingleFam,no,single,no,1,189728
00335,2020,12,9,6.5,500,Condominium,no,multiple,no,1,28067
05622,1676,11,3,5.5,5221,MultiFam,yes,multiple,no,1,804345
00059,2024,9,5,1.0,6811,MultiFam,no,multiple,no,1,609830
01874,1501,8,3,7.0,4529,MultiFam,yes,multiple,no,1,1331924
04426,1793,3,5,2.5,6695,MultiFam,yes,multiple,no,1,1871460
05843,1629,8,4,1.5,2309,SingleFam,yes,single,no,1,590539
08769,2024,4,3,1.0,5199,SingleFam,no,multiple,no,1,223454
09569,2024,13,3,4.5,4229,SingleFam,no,multiple,no,2,1347423
06157,1867,21,4,6.25,7040,Condominium,no,multiple,no,3,1075494
09143,1807,10,3,1.0,2520,SingleFam,no,multiple,no,1,56283
08694,1364,14,2,6.0,7313,SingleFam,no,multiple,no,1,80121
00214,2024,8,2,6.0,500,SingleFam,no,multiple,no,1,21434
01243,2024,6,6,1.5,3691,Condominium,no,single,no,1,72820
03609,1820,10,2,3.0,2536,Condominium,no,single,no,0,1092072
05060,2024,17,2,1.0,8683,MultiFam,yes,multiple,no,2,1664736
03701,1783,16,4,2.0,3184,SingleFam,no,single,no,1,124792
05886,2024,13,2,1.0,500,SingleFam,no,multiple,no,1,45308
07964,1526,20,2,6.5,5759,SingleFam,no,single,no,1,760969
01433,2024,12,2,5.5,500,SingleFam,no,single,no,1,61705
06550,1343,6,5,5.0,2627,SingleFam,yes,single,no,1,41325
02937,2024,10,6,6.5,2641,SingleFam,no,single,no,0,156751
07844,1900,16,2,1.5,8076,SingleFam,yes,single,no,2,89321
09849,1944,12,4,4.0,7299,SingleFam,no,single,no,3,20985
07238,1855,17,2,2.5,5768,Condominium,no,single,no,1,554176
09753,1648,23,3,1.5,4845,SingleFam,no,multiple,no,1,88036
03649,2024,7,2,7.0,993,Condominium,no,single,no,1,190916
03410,1939,3,2,6.5,2589,SingleFam,yes,multiple,no,0,205028
08744,1531,9,2,6.5,3387,SingleFam,no,multiple,no,1,30536
01787,1708,12,5,5.5,10784,SingleFam,yes,single,no,1,1027793
03985,1800,10,6,1.5,861,SingleFam,no,single,no,0,63222
07751,1684,9,4,5.0,2720,SingleFam,no,multiple,no,2,51543
00857,1789,9,7,8.0,7588,SingleFam,no,single,no,1,1786159
08488,1726,9,2,8.0,8720,SingleFam,yes,single,no,1,353621
08579,2024,5,7,3.5,2399,SingleFam,no,single,no,1,177150
09220,1808,12,2,4.5,500,SingleFam,no,single,no,2,726473
05172,1825,10,2,3.0,8725,MultiFam,yes,multiple,no,4,1965871
07165,1889,4,5,1.0,4908,Condominium,no,single,no,1,330050
05300,1949,7,2,1.0,8143,SingleFam,no,single,no,1,202931
02221,1585,5,4,5.5,6901,SingleFam,no,single,no,0,50857
08624,2024,8,5,2.5,4955,SingleFam,yes,single,no,1,128643
08730,2024,7,7,8.5,4607,SingleFam,no,multiple,no,5,254287
05096,2024,16,3,3.0,7676,SingleFam,no,multiple,no,0,901418
04610,2024,11,3,1.0,7371,Condominium,no,single,no,1,167284
09399,1536,15,3,2.0,3186,SingleFam,yes,single,no,1,164801
04690,1754,3,4,6.0,2485,SingleFam,no,single,no,4,228143
01660,1739,8,11,6.5,7619,SingleFam,no,single,no,0,205383
08152,2024,3,2,2.0,4452,SingleFam,yes,multiple,no,1,145897
05066,1836,3,6,2.5,6121,Condominium,no,single,no,2,1084712
02677,1800,4,2,3.5,3644,SingleFam,no,single,no,1,176422
05715,1787,8,4,1.0,2335,SingleFam,no,single,yes,2,31010
05293,2024,13,4,8.5,5425,MultiFam,no,multiple,no,1,600652
09414,1562,17,2,7.0,6596,SingleFam,no,single,no,0,362718
04730,1613,12,4,6.0,3670,SingleFam,no,single,no,1,275236
02753,1853,22,3,3.0,500,SingleFam,yes,multiple,no,2,242614
04061,1718,12,4,1.0,3894,SingleFam,no,single,no,3,182047
08463,2024,14,2,1.5,5072,SingleFam,no,single,no,5,96639
06999,1810,11,7,4.0,4210,SingleFam,no,single,no,1,133133
09966,1587,6,4,8.0,3264,SingleFam,yes,single,yes,0,96095
07290,1878,20,2,7.0,3637,MultiFam,no,multiple,no,1,881912
07658,1495,9,7,3.5,500,SingleFam,no,single,no,1,54261
08203,2024,19,2,2.5,3574,SingleFam,no,multiple,no,0,1480842
06073,1700,7,4,1.0,1588,SingleFam,no,single,no,4,40018
07688,2024,3,4,7.5,12898,SingleFam,no,multiple,no,1,894402
04826,2007,10,4,4.5,6515,SingleFam,no,single,no,1,62284
03994,2009,8,2,4.0,2103,SingleFam,no,single,no,1,116692
09223,2024,18,8,1.0,4832,SingleFam,no,single,no,1,1000240
01959,1900,6,5,1.0,500,SingleFam,no,single,no,1,38450
09618,2024,4,2,1.5,1391,Condominium,no,single,no,0,236240
07346,1994,9,6,1.0,1768,SingleFam,yes,single,no,4,29675
05378,1889,11,2,4.0,3957,Condominium,no,single,no,1,322521
08818,1983,4,5,5.5,1088,Condominium,no,single,no,2,211840
05562,1732,14,3,1.0,3327,SingleFam,no,single,no,1,64861
09322,2024,19,2,3.0,3060,Condominium,no,single,no,2,291492
08120,2024,11,7,4.5,7987,SingleFam,yes,single,no,1,284133
07243,1704,12,2,3.5,1848,SingleFam,no,multiple,no,2,168612
08731,1504,10,4,2.0,3761,SingleFam,no,multiple,no,3,245860
00003,1862,19,10,7.5,21012,SingleFam,no,multiple,no,0,467397
06141,1340,3,4,3.0,1928,Condominium,no,single,no,1,161952
09046,1353,12,4,2.5,4767,MultiFam,yes,multiple,no,1,1155100
06902,1795,6,2,2.5,5972,SingleFam,yes,single,no,0,40180
03574,1587,7,4,1.0,2784,Condominium,no,single,no,5,485064
03957,1806,3,3,4.5,856,Condominium,no,single,no,1,1014040
07069,1612,3,4,4.0,5289,SingleFam,no,single,no,1,248059
05807,1506,5,6,3.5,3188,SingleFam,no,multiple,no,2,314933
03519,1787,16,4,9.0,8343,SingleFam,no,single,no,2,114790
08497,1579,5,3,5.0,4619,SingleFam,no,single,no,1,212326
02634,1997,11,2,5.0,2310,Condominium,no,single,no,1,73852
05691,1944,14,2,3.5,5735,Condominium,no,single,no,0,546360
08340,1915,11,4,1.0,5499,Condominium,no,single,no,0,146753
05646,1477,27,7,3.5,6265,Condominium,no,single,no,2,207899
08807,1923,11,2,1.0,7718,SingleFam,no,single,no,0,162151
07337,1570,7,2,5.5,2957,SingleFam,no,single,no,1,65899
04726,1862,5,4,2.5,828,Condominium,no,single,no,1,483100
07946,1742,12,2,7.5,9146,SingleFam,yes,single,no,0,720193
00177,2024,3,5,10.5,5149,SingleFam,no,single,no,1,406068
02471,2024,4,2,2.0,7466,Condominium,no,single,no,0,74324
04177,2024,14,2,5.0,7826,SingleFam,no,multiple,no,1,941554
01610,1808,8,2,1.0,2224,MultiFam,yes,single,no,2,230190
00878,2024,6,2,1.0,500,SingleFam,no,single,no,1,65731
09169,2024,15,5,5.5,3472,MultiFam,yes,multiple,no,4,246637
08766,1682,5,2,1.0,2247,Condominium,no,single,no,3,73140
07347,2024,11,8,7.0,1008,MultiFam,yes,multiple,no,1,612158
03180,2024,6,6,10.5,6277,SingleFam,no,single,no,1,266504
03237,2024,13,4,2.5,5407,MultiFam,yes,multiple,no,2,299989
07089,2014,10,6,6.5,4756,SingleFam,no,single,no,2,1708420
08089,1742,9,6,3.0,500,SingleFam,no,single,no,2,135306
01576,2024,15,8,6.5,7968,MultiFam,yes,multiple,no,1,1210954
09629,2024,10,3,4.5,1924,SingleFam,no,single,no,1,303497
07932,2024,5,3,1.0,4543,SingleFam,no,single,no,1,113983
02227,1879,14,10,5.5,5489,SingleFam,yes,single,no,1,381744
06576,1851,32,5,6.75,8297,Condominium,no,multiple,no,1,1999438
09493,1681,10,7,6.0,500,Condominium,no,single,no,2,72004
07423,1980,13,2,2.5,500,SingleFam,no,single,no,2,125881
08397,1818,10,2,2.5,4830,Condominium,no,single,no,1,58252
07183,1540,9,3,1.5,1123,SingleFam,no,multiple,no,0,165883
00084,1730,10,5,1.5,500,SingleFam,yes,single,no,1,137514
07349,2024,14,12,2.5,3023,SingleFam,no,single,no,0,10012
02080,2024,13,5,1.5,3895,SingleFam,no,single,no,2,301957
02653,1834,13,3,2.5,4932,SingleFam,yes,single,no,0,352164
02827,1987,10,6,11.5,8580,SingleFam,no,single,no,1,428421
05837,1994,22,2,11.0,1883,SingleFam,no,single,no,0,394339
06355,1724,12,4,6.5,1719,Condominium,no,single,no,1,316492
02441,2024,15,2,2.5,3516,SingleFam,yes,multiple,no,1,172438
03153,1741,13,2,5.5,4000,Condominium,no,single,no,1,158835
01574,2024,10,5,7.5,5292,MultiFam,no,multiple,no,0,1634336
03468,1842,16,2,3.5,2655,SingleFam,no,single,no,1,400383
01073,2024,7,2,4.5,1851,SingleFam,no,single,no,1,327723
01231,1910,15,3,3.0,3509,SingleFam,yes,single,no,0,66410
08824,2024,18,2,2.5,4302,Condominium,no,single,no,0,235544
04619,1841,11,3,4.5,6320,SingleFam,no,single,no,0,405367
01641,1536,18,4,4.5,4441,SingleFam,no,single,no,1,184039
03944,1835,16,6,3.5,3109,SingleFam,no,single,no,0,36166
04699,1434,17,5,1.0,500,Condominium,no,single,no,1,346465
01358,1791,13,2,2.0,500,SingleFam,no,single,yes,1,32783
04628,2024,18,2,1.0,5415,MultiFam,no,multiple,no,1,292874
05152,1719,5,7,1.5,4004,SingleFam,no,single,no,2,119447
08057,2024,6,4,1.5,1025,SingleFam,no,single,no,6,54726
05279,1683,8,2,1.0,1923,Condominium,no,single,no,1,536096
03541,1979,10,3,2.5,6348,Condominium,no,multiple,no,1,1067696
03178,1867,16,2,4.0,809,SingleFam,no,multiple,no,1,320532
09162,2024,15,2,7.0,5245,SingleFam,yes,single,no,2,1018439
08243,1607,7,5,4.0,1312,SingleFam,no,single,no,2,4193
02468,2024,5,2,3.0,8779,SingleFam,yes,multiple,no,2,1196925
06895,2024,5,2,1.0,2258,Condominium,no,single,no,5,164469
08408,1922,5,6,2.0,8829,MultiFam,yes,multiple,no,2,496394
00574,1911,13,6,6.5,500,SingleFam,no,multiple,no,4,471061
01985,1779,3,11,2.0,6949,MultiFam,yes,multiple,yes,2,2082637
01792,2024,16,7,5.5,3669,SingleFam,no,single,no,2,556667
03075,1648,10,8,8.5,1438,SingleFam,no,single,no,1,374848
08734,1855,13,5,3.5,5794,SingleFam,no,multiple,no,1,462282
06488,1833,16,2,2.0,5356,Condominium,no,single,no,2,315068
05345,1552,13,2,1.5,3159,SingleFam,yes,single,no,5,143239
02261,2024,10,4,5.5,2915,Condominium,no,single,no,1,292336
03273,1653,10,5,1.5,500,SingleFam,no,single,yes,1,132476
05271,1765,15,6,1.0,500,MultiFam,yes,multiple,no,1,289414
09095,1830,6,2,2.0,3929,SingleFam,no,multiple,no,0,250621
05432,2024,14,5,2.0,1754,SingleFam,no,single,no,2,189055
03365,2024,7,5,1.5,671,SingleFam,yes,single,no,0,102107
00616,1908,10,6,6.5,5420,MultiFam,no,multiple,no,0,766132
02903,1609,11,2,7.0,6574,SingleFam,no,single,no,1,272083
07447,1813,5,6,8.5,5603,MultiFam,yes,multiple,no,2,720094
09576,1537,9,5,6.5,3986,Condominium,no,single,no,1,165956
09181,1556,17,2,4.5,3823,SingleFam,yes,multiple,no,4,205480
01701,2024,20,2,3.5,3593,MultiFam,yes,multiple,no,0,278475
06680,1621,4,4,4.0,9654,SingleFam,yes,single,no,0,346046
08125,2024,8,3,3.5,2419,Condominium,no,single,no,1,339747
01000,1776,15,5,9.0,989,SingleFam,no,single,no,1,51523
05259,1859,10,3,4.5,3780,Condominium,no,multiple,no,2,25446
05295,1583,8,2,4.5,2322,SingleFam,no,single,no,1,99329
09215,1615,14,11,2.5,9713,SingleFam,yes,single,no,1,376111
08147,2024,9,2,1.0,3541,Condominium,no,single,no,2,337604
09847,1591,11,4,3.5,5258,SingleFam,no,single,no,1,52372
03038,2024,3,2,5.0,3995,SingleFam,no,single,no,1,447736
01774,1769,15,3,2.5,4245,MultiFam,yes,multiple,no,2,271099
06249,1847,3,2,7.5,3555,SingleFam,no,single,no,0,74003
04433,2024,11,2,1.0,4816,Condominium,no,single,no,1,67504
01471,2024,11,7,6.5,5486,SingleFam,yes,multiple,no,1,62719
02814,1376,15,2,8.5,955,SingleFam,no,multiple,no,2,366085
07265,2024,7,2,2.5,7637,SingleFam,no,single,no,4,210261
02794,2024,12,4,1.0,2529,SingleFam,no,single,no,1,147932
03723,2024,5,4,4.0,8026,SingleFam,no,single,no,4,452695
07036,1757,29,4,5.0,6557,SingleFam,no,single,no,1,936811
00381,1874,13,4,4.0,3462,SingleFam,no,single,no,2,388420
04014,1711,11,2,6.0,7767,SingleFam,yes,multiple,no,0,1516153
04017,1978,7,4,1.0,2252,SingleFam,no,multiple,no,1,378074
03133,1666,5,2,4.5,5846,SingleFam,no,single,yes,0,1449404
08019,1702,5,6,12.5,4965,SingleFam,no,single,no,2,667560
05125,1946,10,5,4.0,5915,SingleFam,yes,single,no,2,126088
04795,2024,8,3,3.0,546,SingleFam,no,single,no,0,431769
02514,1792,11,2,3.0,3381,SingleFam,no,single,no,5,107462
01333,1701,6,4,5.0,500,MultiFam,yes,multiple,no,1,291880
08336,1881,12,2,6.0,3628,Condominium,no,single,no,0,153265
09739,1788,5,4,2.5,2614,SingleFam,no,single,no,0,20493
06856,1837,10,2,2.0,6567,SingleFam,yes,single,no,6,117325
00794,1748,5,7,7.5,6139,SingleFam,no,multiple,no,3,647624
05581,1911,7,2,3.5,8239,MultiFam,yes,multiple,no,1,289136
03818,1729,16,8,2.5,7055,SingleFam,no,multiple,no,1,320495
03420,1813,3,2,1.0,500,SingleFam,no,single,no,2,98063
08298,1889,3,6,8.0,6574,SingleFam,no,single,no,2,278512
07912,1834,17,3,1.5,3682,SingleFam,yes,single,no,1,68836
05488,2024,13,5,2.0,4745,Condominium,no,single,no,1,359408
05855,2024,3,2,4.0,3791,Condominium,no,single,no,1,213049
05924,2001,5,4,8.5,4206,Condominium,no,single,no,3,58917
05200,1426,7,4,8.5,6677,MultiFam,no,single,no,1,1036169
01626,2024,24,6,4.5,7854,MultiFam,no,multiple,no,1,1679264
02322,1920,14,2,1.0,3291,SingleFam,no,single,no,1,162939
03346,1856,11,4,9.5,3088,SingleFam,no,multiple,no,2,137438
09146,2024,12,4,2.5,1345,SingleFam,no,multiple,no,7,283400
00313,1897,14,5,2.5,500,Condominium,no,single,no,3,171320
07149,1739,5,3,3.0,8693,SingleFam,yes,multiple,no,1,54010
03765,1490,12,9,4.5,1554,SingleFam,yes,multiple,no,0,118017
00023,1889,15,2,8.0,2731,SingleFam,no,single,no,0,1435871
06672,1550,3,2,6.5,8922,MultiFam,yes,multiple,no,3,519128
01535,1567,12,2,6.0,4666,SingleFam,no,single,no,1,315384
08990,2024,9,2,1.0,2382,MultiFam,no,multiple,no,1,83380
03659,1659,8,3,2.5,2363,MultiFam,yes,multiple,no,1,506318
00954,1451,14,5,4.5,7412,SingleFam,no,multiple,no,2,160699
05349,2016,14,3,4.0,1993,SingleFam,no,multiple,no,2,50672
02231,2003,12,5,8.0,2511,SingleFam,yes,single,no,1,602772
07616,2024,15,9,6.5,5040,SingleFam,no,single,no,4,563381
09313,1969,4,4,6.5,5178,Condominium,no,single,no,1,560196
09372,1714,20,2,2.0,500,Condominium,no,single,no,0,188210
09005,1611,5,2,1.0,500,Condominium,no,single,no,0,35666
02430,2024,11,10,4.0,5381,SingleFam,no,single,no,0,646498
00392,1758,15,3,1.5,2802,MultiFam,yes,multiple,no,2,72597
05140,1770,3,4,4.0,3710,MultiFam,no,multiple,no,0,290605
06128,2024,5,6,8.0,500,SingleFam,no,single,no,0,29961
06251,1383,3,11,4.5,3206,SingleFam,no,single,yes,2,35619
03025,1921,10,7,3.0,1081,SingleFam,no,single,no,3,143836
08325,1550,18,4,7.5,4494,SingleFam,no,single,no,0,436780
03970,1999,3,3,7.5,2615,Condominium,no,single,no,2,326332
02552,2024,9,7,6.5,4200,Condominium,no,single,no,2,218068
06032,2014,7,5,3.5,2720,Condominium,no,single,no,1,37321
09581,1504,10,6,2.0,1181,Condominium,no,single,no,6,313375
06087,1686,16,5,5.5,6247,MultiFam,yes,multiple,no,1,1554331
00838,2024,14,3,1.5,6343,SingleFam,no,single,no,1,122656
07994,1415,3,8,2.5,3333,SingleFam,no,single,no,1,10416
04707,1694,3,2,6.0,5048,SingleFam,no,single,no,2,88573
08241,1737,9,4,3.5,7363,SingleFam,no,single,no,1,1076673
03903,1964,3,6,6.0,4708,Condominium,no,single,no,0,312283
00655,1866,6,2,3.5,2310,SingleFam,no,single,no,1,159036
00505,2024,18,5,7.5,12365,SingleFam,no,single,no,2,1594026
02712,1919,7,3,2.5,5980,Condominium,no,single,no,2,75248
07007,1867,5,2,8.0,8625,SingleFam,no,single,no,1,697002
01905,1995,6,4,1.5,2578,Condominium,no,single,no,1,342438
04049,1837,4,4,1.0,733,SingleFam,yes,multiple,no,0,1054544
06786,1648,7,5,1.5,5253,Condominium,no,single,no,1,218704
07704,1960,8,5,1.0,3369,Condominium,no,single,no,1,48589
04297,1831,22,2,1.0,500,Condominium,no,single,no,1,38273
06044,1685,19,2,2.5,8213,SingleFam,yes,single,no,0,213273
01167,1716,17,6,1.0,1203,Condominium,no,single,no,0,509736
09621,2024,13,2,4.5,3131,SingleFam,yes,single,no,1,257433
09796,1553,5,6,8.5,4730,Condominium,no,multiple,no,0,91773
06113,1972,5,4,4.5,7865,SingleFam,no,single,no,1,379955
02924,2006,9,2,5.0,8081,SingleFam,no,single,no,7,469673
04493,1562,13,2,8.0,6872,SingleFam,no,single,no,2,876197
06817,1629,12,2,1.0,2624,Condominium,no,single,no,1,494624
05053,1663,9,5,2.5,7470,MultiFam,yes,multiple,no,0,1331098
06622,1919,5,2,7.0,2816,SingleFam,yes,multiple,no,1,116736
03895,1835,12,2,2.0,3769,Condominium,no,single,no,1,218303
05719,1934,10,2,1.0,6180,Condominium,no,single,no,1,66580
08457,1817,3,2,2.0,4901,Condominium,no,single,no,1,284528
07392,2024,10,6,7.5,5433,MultiFam,yes,multiple,no,0,2125711
02359,1500,7,2,7.5,1726,SingleFam,no,single,no,1,23261
08899,1786,8,5,7.0,4254,SingleFam,no,single,no,1,267011
02948,2024,5,3,2.5,3019,SingleFam,no,single,no,1,156027
06088,1305,6,2,7.0,1726,Condominium,no,single,no,2,61182
03429,1797,8,2,9.5,2469,SingleFam,no,single,no,0,191683
01335,1685,3,2,2.0,1216,SingleFam,no,single,no,2,388502
04410,1531,10,4,3.5,12767,SingleFam,no,single,no,1,1182848
04308,1698,7,8,6.0,4074,SingleFam,no,single,no,1,106323
05880,1857,5,5,4.5,4961,SingleFam,no,single,yes,1,47516
09730,1579,11,2,1.5,4434,SingleFam,no,single,no,1,20632
00785,1796,3,4,10.0,500,MultiFam,no,multiple,no,1,254745
02685,1716,3,8,5.5,10906,MultiFam,no,multiple,no,2,2072157
09214,1691,10,6,4.5,7496,Condominium,no,single,no,2,217519
01217,1722,18,7,1.0,5068,MultiFam,yes,multiple,no,0,379887
09364,1984,16,4,8.5,9625,Condominium,no,single,no,1,1096988
08721,1940,16,2,4.5,4185,SingleFam,no,single,no,1,394476
03381,1679,8,5,5.5,8048,SingleFam,no,single,yes,1,665184
01238,2024,5,2,7.0,500,Condominium,no,single,no,4,499752
01479,2024,3,4,6.0,5036,SingleFam,no,single,no,1,1322288
02749,1668,3,2,7.0,5756,SingleFam,yes,multiple,no,1,228692
05183,2009,13,6,3.0,8411,SingleFam,no,single,no,3,53511
03476,1864,5,2,1.0,6125,Condominium,no,single,no,2,242640
09513,1938,20,2,9.5,655,SingleFam,yes,multiple,no,1,83811
06609,1690,7,4,2.5,8280,MultiFam,no,multiple,no,2,1090971
04855,2024,10,6,1.0,2250,Condominium,no,single,no,1,1011396
03927,1897,19,3,5.5,3852,Condominium,no,single,no,1,586170
02944,2002,20,2,1.0,1127,SingleFam,no,multiple,no,0,116614
09626,2024,16,2,1.5,5425,SingleFam,no,single,no,2,191472
02173,1893,7,2,5.0,707,SingleFam,no,single,no,0,87567
06326,1900,3,9,7.0,1819,Condominium,no,single,no,1,58235
06878,1839,6,3,2.5,3383,SingleFam,no,single,no,1,73223
02473,1780,5,3,4.5,500,SingleFam,no,single,no,1,133309
06409,1503,6,3,2.5,2566,Condominium,no,single,no,1,61681
06568,2024,12,2,1.0,5819,Condominium,no,single,no,2,559084
04380,2024,3,2,3.0,500,SingleFam,yes,multiple,no,0,78432
09509,1987,14,2,2.0,8936,Condominium,no,single,no,0,60049
02274,2024,12,2,1.5,842,SingleFam,no,single,no,1,206897
01733,2024,15,5,6.5,3980,MultiFam,no,multiple,no,1,2363961
05371,1734,15,5,4.0,2196,SingleFam,no,single,no,1,207846
09515,1888,3,3,4.5,1485,SingleFam,no,multiple,no,2,879135
04152,2024,16,6,1.0,500,SingleFam,no,single,no,1,228889
02809,2024,14,4,1.0,3669,SingleFam,no,single,no,2,227267
09504,1975,5,5,8.0,3694,SingleFam,no,single,no,1,200210
09687,2024,3,2,10.5,3852,Condominium,no,single,no,1,1090180
04499,2024,11,4,2.0,4854,SingleFam,no,single,no,3,884656
07226,1830,5,2,1.5,5906,SingleFam,no,single,no,1,438603
01773,1884,6,2,8.5,4072,SingleFam,no,single,no,1,172748
04029,2024,9,2,1.0,3933,Condominium,no,single,no,1,39633
09611,1566,26,3,5.0,6718,SingleFam,no,single,no,3,490636
02403,1719,6,2,6.5,3481,SingleFam,no,multiple,no,2,258112
02668,1806,14,3,1.5,5731,SingleFam,no,single,no,2,440550
02675,1779,3,5,1.5,6032,MultiFam,yes,multiple,no,1,876198
06892,2024,10,7,4.0,7114,SingleFam,no,multiple,no,1,554737
07232,1362,9,6,8.5,3269,SingleFam,yes,single,no,0,58469
01382,1592,18,7,4.5,10543,MultiFam,no,multiple,no,1,539588
07187,1939,10,9,4.5,1749,SingleFam,no,single,no,0,679993
01368,2024,6,2,1.0,3331,SingleFam,no,multiple,no,1,139413
03446,1750,6,2,5.5,2375,SingleFam,no,single,no,2,97380
04172,2024,3,5,2.5,2639,Condominium,no,single,no,1,547968
00141,1926,10,2,1.5,3510,Condominium,no,single,no,3,340248
03585,2024,6,2,8.0,2593,SingleFam,no,single,no,1,75713
04103,2024,5,2,3.5,1733,SingleFam,no,single,no,2,201180
06682,1652,20,9,6.5,9011,MultiFam,yes,multiple,no,1,339649
09598,1722,11,2,1.0,1274,SingleFam,no,multiple,no,2,182578
05301,2024,4,2,3.5,1529,SingleFam,no,multiple,no,2,64518
07391,1599,19,5,4.5,9060,SingleFam,yes,single,no,3,1552254
08820,1884,12,6,1.0,6179,SingleFam,no,single,no,1,932811
00640,2024,12,3,4.5,717,SingleFam,no,single,no,2,193000
04687,1537,6,2,1.0,1718,Condominium,no,single,no,1,69392
03376,1560,3,3,10.5,4198,Condominium,no,single,no,1,63164
09905,2000,12,5,3.0,6472,SingleFam,no,single,no,1,211192
01136,2024,6,2,3.5,1754,Condominium,no,multiple,no,1,107103
01090,2024,15,8,5.0,6236,Condominium,no,single,no,2,467971
08060,2024,18,6,6.0,8184,SingleFam,no,single,no,2,1014319
00466,1931,15,4,4.5,6187,SingleFam,no,single,no,1,525445
06367,1852,3,6,7.5,3779,SingleFam,no,multiple,no,1,262924
09678,1357,8,2,1.0,500,Condominium,no,single,no,1,214105
06403,1397,3,2,1.0,6168,SingleFam,no,single,no,4,28046
09403,2024,4,3,1.0,5981,SingleFam,no,multiple,no,2,87771
